,FamID,Income,MembersCount,SpendAmount,EduAmt,EntertainAmt,FoodAmt,GroceryAmt,HealthAmt,TravelAmt,TravelAmt,TravelAmt,TravelAmt,UtilAmt,EduPct,EntertainPct,FoodPct,GroceryPct,HealthPct,TravelPct,UtilPct,SpendPct,LoanAmt,CreditSpend,Dependents,TotalSpend,Savings,SavingsRatio,Spending_income_ratio,Loan_income_Pct,CreditSpend_Pct,GoalsMet
0,FAM001,113810,4,23188.9,2251.0099999999998,4168.86,4380.92,3410.61,1575.8899999999999,4576.81,4576.81,4576.81,4576.81,2824.8,0.1,0.18,0.19,0.15,0.07,0.2,0.12,0.20375098848958792,2422,2959,2,34350.9,20234,0.18,0.3,2.13,2.6,0.68
1,FAM002,44592,5,22309.71,1547.02,3397.26,2887.3199999999997,3532.67,3616.79,2321.25,2321.25,2321.25,2321.25,5007.4,0.07,0.15,0.13,0.16,0.16,0.1,0.22,0.5003074542518838,4541,995,2,33475.71,29492,0.66,0.75,10.18,2.23,0.68
2,FAM003,33278,2,11220.34,2469.63,1458.4,938.98,1674.8400000000001,1093.98,2478.68,2478.68,2478.68,2478.68,1105.83,0.22,0.13,0.08,0.15,0.1,0.22,0.1,0.33716990203738206,1042,2818,2,20362.34,11365,0.34,0.61,3.13,8.47,0.68
3,FAM004,127196,5,23483.1,3979.54,3005.83,5174.3,2626.72,3661.61,3218.79,3218.79,3218.79,3218.79,1816.31,0.17,0.13,0.22,0.11,0.16,0.14,0.08,0.18462137174124976,1571,668,2,29313.1,30735,0.24,0.23,1.24,0.53,0.68
4,FAM005,66048,7,40246.21,5921.45,5647.39,4449.05,8802.5,3803.65,5773.51,5773.51,5773.51,5773.51,5848.66,0.15,0.14,0.11,0.22,0.09,0.14,0.15,0.6093478984980619,3444,1922,2,48748.21,1212,0.02,0.74,5.21,2.91,0.68
5,FAM006,62098,4,16943.25,2081.37,2937.39,2575.07,2823.49,2070.91,2895.1,2895.1,2895.1,2895.1,1559.92,0.12,0.17,0.15,0.17,0.12,0.17,0.09,0.2728469515926439,3105,2682,2,25403.25,48323,0.78,0.41,5.0,4.32,0.68
6,FAM007,59256,7,26592.96,2882.75,3722.63,3714.59,3743.0,4111.12,3153.21,3153.21,3153.21,3153.21,5265.66,0.11,0.14,0.14,0.14,0.15,0.12,0.2,0.4487808829485621,1425,2254,2,36757.96,48164,0.81,0.62,2.4,3.8,0.68
7,FAM008,48289,5,14606.720000000001,2779.14,3615.68,2506.32,858.1800000000001,2243.08,572.0600000000001,572.0600000000001,572.0600000000001,572.0600000000001,2032.26,0.19,0.25,0.17,0.06,0.15,0.04,0.14,0.3024854521733728,4662,2017,2,28152.72,18261,0.38,0.58,9.65,4.18,0.68
8,FAM009,126530,4,14100.91,2539.12,732.18,1408.8,2663.49,2168.91,1893.8,1893.8,1893.8,1893.8,2694.61,0.18,0.05,0.1,0.19,0.15,0.13,0.19,0.11144321504781476,2465,782,2,20920.91,33806,0.27,0.17,1.95,0.62,0.68
9,FAM010,43434,6,25626.809999999998,3776.91,4747.94,2899.54,2464.49,4018.17,4389.89,4389.89,4389.89,4389.89,3329.87,0.15,0.19,0.11,0.1,0.16,0.17,0.13,0.5900172675783948,3326,2572,2,34479.81,12708,0.29,0.79,7.66,5.92,0.68
10,FAM011,118696,6,23032.120000000003,1449.29,4045.29,4057.99,3092.69,3828.98,3662.76,3662.76,3662.76,3662.76,2895.12,0.06,0.18,0.18,0.13,0.17,0.16,0.13,0.19404293320752175,4488,1897,2,32592.12,34271,0.29,0.27,3.78,1.6,0.68
11,FAM012,127080,5,23416.08,3882.45,2352.27,3135.89,4460.05,3147.45,3460.25,3460.25,3460.25,3460.25,2977.7200000000003,0.17,0.1,0.13,0.19,0.13,0.15,0.13,0.1842625118035883,3,551,2,28212.079999999998,7973,0.06,0.22,0.0,0.43,0.68
12,FAM013,146939,5,19086.989999999998,2765.34,3971.08,1619.3899999999999,1129.29,2174.12,2251.55,2251.55,2251.55,2251.55,5176.22,0.14,0.21,0.08,0.06,0.11,0.12,0.27,0.12989737237901441,2489,2220,2,25867.99,41979,0.29,0.18,1.69,1.51,0.68
13,FAM014,101482,2,11293.810000000001,1793.7,2594.52,1800.76,1606.23,1885.48,682.1,682.1,682.1,682.1,931.02,0.16,0.23,0.16,0.14,0.17,0.06,0.08,0.11128879998423369,2350,2507,2,22652.809999999998,20558,0.2,0.22,2.32,2.47,0.68
14,FAM015,41395,6,33104.409999999996,6586.889999999999,5902.93,4657.25,2524.94,3549.17,5301.3,5301.3,5301.3,5301.3,4581.93,0.2,0.18,0.14,0.08,0.11,0.16,0.14,0.7997200144945041,1721,932,2,42044.41,42874,1.04,1.02,4.16,2.25,0.68
15,FAM016,107397,2,8531.94,339.87,174.93,1104.55,3576.7,673.5799999999999,1440.8600000000001,1440.8600000000001,1440.8600000000001,1440.8600000000001,1221.45,0.04,0.02,0.13,0.42,0.08,0.17,0.14,0.07944300120115087,3521,2275,2,17784.940000000002,34270,0.32,0.17,3.28,2.12,0.68
16,FAM017,85302,5,28708.47,4826.8,2729.34,3404.52,3908.79,3730.05,4135.86,4135.86,4135.86,4135.86,5973.11,0.17,0.1,0.12,0.14,0.13,0.14,0.21,0.3365509601181684,4751,1983,2,40187.47,40909,0.48,0.47,5.57,2.32,0.68
17,FAM018,34165,7,21269.149999999998,4033.19,3158.18,1874.94,3624.58,3194.69,1947.43,1947.43,1947.43,1947.43,3436.14,0.19,0.15,0.09,0.17,0.15,0.09,0.16,0.6225420752231815,4969,2383,2,32211.15,14035,0.41,0.94,14.54,6.97,0.68
18,FAM019,33905,4,23559.78,2690.55,2061.79,6523.77,2292.24,2213.65,4007.7,4007.7,4007.7,4007.7,3770.08,0.11,0.09,0.28,0.1,0.09,0.17,0.16,0.6948762719362926,2639,1126,2,28918.78,11016,0.32,0.85,7.78,3.32,0.68
19,FAM020,42280,6,29117.52,2438.6800000000003,4863.09,4191.73,5081.28,2973.41,3646.89,3646.89,3646.89,3646.89,5922.44,0.08,0.17,0.14,0.17,0.1,0.13,0.2,0.6886830652790918,3809,2283,2,36285.520000000004,25504,0.6,0.86,9.01,5.4,0.68
20,FAM021,58657,4,18798.72,3734.73,2779.69,1486.26,2824.52,2568.88,2290.48,2290.48,2290.48,2290.48,3114.16,0.2,0.15,0.08,0.15,0.14,0.12,0.17,0.32048553454830625,3619,1221,2,28392.72,11587,0.2,0.48,6.17,2.08,0.68
21,FAM022,60495,2,6328.2,827.6500000000001,295.53000000000003,225.86,890.01,824.75,1807.02,1807.02,1807.02,1807.02,1457.38,0.13,0.05,0.04,0.14,0.13,0.29,0.23,0.10460699231341433,3622,2637,2,18675.2,36348,0.6,0.31,5.99,4.36,0.68
22,FAM023,96237,2,6987.7300000000005,1680.13,973.3499999999999,767.59,107.71,886.99,684.1500000000001,684.1500000000001,684.1500000000001,684.1500000000001,1887.81,0.24,0.14,0.11,0.02,0.13,0.1,0.27,0.07260959921859576,1750,1606,2,15955.73,35757,0.37,0.17,1.82,1.67,0.68
23,FAM024,108907,3,14198.89,2088.2599999999998,3120.94,1898.39,1425.94,2534.78,1585.96,1585.96,1585.96,1585.96,1544.6200000000001,0.15,0.22,0.13,0.1,0.18,0.11,0.11,0.13037628435270462,4187,2704,2,22908.89,1037,0.01,0.21,3.84,2.48,0.68
24,FAM025,33478,7,35138.01,6589.93,5223.29,5210.36,4876.42,3132.0,3687.4,3687.4,3687.4,3687.4,6418.61,0.19,0.15,0.15,0.14,0.09,0.1,0.18,1.049585100663122,3876,2480,2,43094.01,40252,1.2,1.29,11.58,7.41,0.68
25,FAM026,103563,6,19640.170000000002,2087.65,2590.99,2589.14,3671.54,2355.31,3000.74,3000.74,3000.74,3000.74,3344.8,0.11,0.13,0.13,0.19,0.12,0.15,0.17,0.18964466073790834,1390,2404,2,28838.17,22243,0.21,0.28,1.34,2.32,0.68
26,FAM027,56062,6,32118.04,1664.34,3780.04,6464.7699999999995,6289.08,4274.34,5253.7,5253.7,5253.7,5253.7,4391.77,0.05,0.12,0.2,0.2,0.13,0.16,0.14,0.5729021440547964,694,2284,2,37842.04,33021,0.59,0.68,1.24,4.07,0.68
27,FAM028,123850,2,7397.16,764.55,1752.22,1486.59,324.35,1403.19,1053.14,1053.14,1053.14,1053.14,613.12,0.1,0.24,0.2,0.04,0.19,0.14,0.08,0.05972676624949536,2324,2926,2,17791.16,2276,0.02,0.14,1.88,2.36,0.68
28,FAM029,115181,7,30228.34,3960.29,3343.02,5530.05,4565.51,3759.01,1049.58,1049.58,1049.58,1049.58,8020.88,0.13,0.11,0.18,0.15,0.12,0.03,0.27,0.2624420694385359,4222,1599,2,39221.34,8331,0.07,0.34,3.67,1.39,0.68
29,FAM030,121924,4,13945.92,3025.03,2023.25,1758.53,1110.25,764.59,2321.12,2321.12,2321.12,2321.12,2943.15,0.22,0.15,0.13,0.08,0.05,0.17,0.21,0.11438207407893444,2745,1820,2,20595.92,24788,0.2,0.17,2.25,1.49,0.68
30,FAM031,101426,6,20243.61,3811.25,4469.84,2871.94,2753.62,1371.9,2546.75,2546.75,2546.75,2546.75,2418.31,0.19,0.22,0.14,0.14,0.07,0.13,0.12,0.19958994735077792,765,1505,2,26372.61,21153,0.21,0.26,0.75,1.48,0.68
31,FAM032,84987,2,12593.14,1434.07,2012.83,1285.3,842.4300000000001,2421.2400000000002,2810.5699999999997,2810.5699999999997,2810.5699999999997,2810.5699999999997,1786.7,0.11,0.16,0.1,0.07,0.19,0.22,0.14,0.14817725063833292,1924,854,2,16934.14,16692,0.2,0.2,2.26,1.0,0.68
32,FAM033,58893,3,11425.99,926.09,1443.02,2294.7400000000002,1257.33,3111.22,572.4,572.4,572.4,572.4,1821.19,0.08,0.13,0.2,0.11,0.27,0.05,0.16,0.19401270100011886,2542,1642,2,18610.989999999998,4796,0.08,0.32,4.32,2.79,0.68
33,FAM034,88878,5,23490.82,3342.78,4101.81,2649.9900000000002,5087.7,3215.56,2151.87,2151.87,2151.87,2151.87,2941.11,0.14,0.17,0.11,0.22,0.14,0.09,0.13,0.26430410225252593,1840,2346,2,31703.82,16785,0.19,0.36,2.07,2.64,0.68
34,FAM035,107236,6,31883.78,3728.7400000000002,2609.92,5107.68,6007.22,5793.17,3997.11,3997.11,3997.11,3997.11,4639.9400000000005,0.12,0.08,0.16,0.19,0.18,0.13,0.15,0.2973234734604051,1631,1498,2,38346.78,38182,0.36,0.36,1.52,1.4,0.68
35,FAM036,66463,7,29479.98,3730.03,3390.3399999999997,5814.34,5447.39,3008.0,3903.08,3903.08,3903.08,3903.08,4186.8,0.13,0.12,0.2,0.18,0.1,0.13,0.14,0.443554759791162,1207,2403,2,35381.979999999996,6161,0.09,0.53,1.82,3.62,0.68
36,FAM037,136093,5,25336.29,4049.59,2869.22,3803.8900000000003,4688.88,3533.49,3031.27,3031.27,3031.27,3031.27,3359.95,0.16,0.11,0.15,0.19,0.14,0.12,0.13,0.1861689432961284,200,2834,2,32959.29,6613,0.05,0.24,0.15,2.08,0.68
37,FAM038,143940,4,22227.14,2846.94,1666.19,2568.13,6225.91,3219.62,1763.63,1763.63,1763.63,1763.63,3936.7200000000003,0.13,0.07,0.12,0.28,0.14,0.08,0.18,0.15441948033903014,378,2999,2,31054.14,48966,0.34,0.22,0.26,2.08,0.68
38,FAM039,30851,3,17810.65,2283.62,2457.7799999999997,2876.97,1596.91,3561.43,2571.56,2571.56,2571.56,2571.56,2462.38,0.13,0.14,0.16,0.09,0.2,0.14,0.14,0.5773119185763832,2005,2052,2,28630.65,32849,1.06,0.93,6.5,6.65,0.68
39,FAM040,129458,6,28391.23,3409.0699999999997,4912.53,5319.3,4291.07,2247.99,2750.9,2750.9,2750.9,2750.9,5460.37,0.12,0.17,0.19,0.15,0.08,0.1,0.19,0.21930842435384448,3892,1877,2,37638.229999999996,5535,0.04,0.29,3.01,1.45,0.68
40,FAM041,135620,5,26955.989999999998,2074.96,3896.7200000000003,3392.75,4556.75,3673.41,5110.29,5110.29,5110.29,5110.29,4251.11,0.08,0.14,0.13,0.17,0.14,0.19,0.16,0.19876117091874357,596,617,2,34178.990000000005,35911,0.26,0.25,0.44,0.45,0.68
41,FAM042,50926,7,24112.52,4756.45,2508.98,4692.66,4564.22,2257.81,3111.92,3111.92,3111.92,3111.92,2220.48,0.2,0.1,0.19,0.19,0.09,0.13,0.09,0.47348152220869494,3730,2524,2,36723.520000000004,9241,0.18,0.72,7.32,4.96,0.68
42,FAM043,121506,5,23748.92,3673.96,3109.9900000000002,3105.61,5558.49,4268.09,1173.02,1173.02,1173.02,1173.02,2859.76,0.15,0.13,0.13,0.23,0.18,0.05,0.12,0.19545471005547055,3395,1831,2,34307.92,9414,0.08,0.28,2.79,1.51,0.68
43,FAM044,85392,2,7458.98,1274.3600000000001,1473.52,584.11,412.89,480.38,1724.94,1724.94,1724.94,1724.94,1508.78,0.17,0.2,0.08,0.06,0.06,0.23,0.2,0.08734986884017239,4715,1244,2,14481.98,44237,0.52,0.17,5.52,1.46,0.68
44,FAM045,74597,5,19040.25,3916.58,3883.91,3537.81,2111.5699999999997,1523.5600000000002,2205.26,2205.26,2205.26,2205.26,1861.56,0.21,0.2,0.19,0.11,0.08,0.12,0.1,0.2552414976473585,1592,2497,2,29600.25,32148,0.43,0.4,2.13,3.35,0.68
45,FAM046,66421,4,21766.1,2483.46,2545.02,4087.85,3107.53,3866.99,1602.27,1602.27,1602.27,1602.27,4072.98,0.11,0.12,0.19,0.14,0.18,0.07,0.19,0.3276990710769185,3145,1368,2,31822.1,37031,0.56,0.48,4.73,2.06,0.68
46,FAM047,50379,5,18409.21,1800.34,4492.68,2519.31,3617.67,2391.6,1615.77,1615.77,1615.77,1615.77,1971.84,0.1,0.24,0.14,0.2,0.13,0.09,0.11,0.36541435915758547,4049,1953,2,27863.21,11821,0.23,0.55,8.04,3.88,0.68
47,FAM048,58221,4,25836.21,3827.13,4566.69,3391.19,2735.53,2583.44,3190.5,3190.5,3190.5,3190.5,5541.7300000000005,0.15,0.18,0.13,0.11,0.1,0.12,0.21,0.4437610140670892,3273,1558,2,37101.21,18370,0.32,0.64,5.62,2.68,0.68
48,FAM049,130072,4,16587.09,1740.21,2802.45,1526.59,1835.65,3637.71,2665.49,2665.49,2665.49,2665.49,2378.99,0.1,0.17,0.09,0.11,0.22,0.16,0.14,0.12752237222461404,1998,1894,2,22327.09,35581,0.27,0.17,1.54,1.46,0.68
49,FAM050,74118,7,43880.14,5046.05,8109.43,3588.54,6322.5,5713.79,6458.5,6458.5,6458.5,6458.5,8641.33,0.11,0.18,0.08,0.14,0.13,0.15,0.2,0.5920308157262744,1208,1645,2,48833.14,40753,0.55,0.66,1.63,2.22,0.68
50,FAM051,43396,2,7145.14,1738.79,378.79,1535.1,894.8299999999999,768.28,1393.41,1393.41,1393.41,1393.41,435.94000000000005,0.24,0.05,0.21,0.13,0.11,0.2,0.06,0.16464973730297724,45,2941,2,13297.14,28730,0.66,0.31,0.1,6.78,0.68
51,FAM052,42156,3,20356.25,951.1800000000001,2255.78,2596.26,3107.9500000000003,3054.21,4437.77,4437.77,4437.77,4437.77,3953.1,0.05,0.11,0.13,0.15,0.15,0.22,0.19,0.48287906822279153,873,1631,2,24805.25,14880,0.35,0.59,2.07,3.87,0.68
52,FAM053,79797,4,16188.91,1989.7,3254.26,1317.68,2219.56,3219.8500000000004,2434.61,2434.61,2434.61,2434.61,1753.25,0.12,0.2,0.08,0.14,0.2,0.15,0.11,0.20287617328972268,3482,2776,2,24322.91,36343,0.46,0.3,4.36,3.48,0.68
53,FAM054,42676,5,22204.56,2620.43,3476.2,2612.86,2628.7,3519.2200000000003,4295.83,4295.83,4295.83,4295.83,3051.32,0.12,0.16,0.12,0.12,0.16,0.19,0.14,0.5203055581591527,1792,541,2,30069.56,48836,1.14,0.7,4.2,1.27,0.68
54,FAM055,77052,7,33118.14,4973.72,4946.04,6062.88,5106.46,2735.33,3215.89,3215.89,3215.89,3215.89,6077.82,0.15,0.15,0.18,0.15,0.08,0.1,0.18,0.42981544930696153,1440,2616,2,39447.14,46211,0.6,0.51,1.87,3.4,0.68
55,FAM056,141082,5,18610.58,2828.31,1457.77,1555.6499999999999,1316.4299999999998,3021.2400000000002,4018.09,4018.09,4018.09,4018.09,4413.09,0.15,0.08,0.08,0.07,0.16,0.22,0.24,0.1319132135920954,4243,1282,2,27366.58,14182,0.1,0.19,3.01,0.91,0.68
56,FAM057,75082,4,10407.630000000001,765.1,2607.46,1888.77,1485.47,1541.09,1218.55,1218.55,1218.55,1218.55,901.19,0.07,0.25,0.18,0.14,0.15,0.12,0.09,0.1386168455821635,3805,850,2,18370.629999999997,47723,0.64,0.24,5.07,1.13,0.68
57,FAM058,109131,7,36405.21,5969.34,6122.25,6063.11,4337.61,5944.4,4464.99,4464.99,4464.99,4464.99,3503.51,0.16,0.17,0.17,0.12,0.16,0.12,0.1,0.3335918300024741,411,1488,2,44258.21,21428,0.2,0.41,0.38,1.36,0.68
58,FAM059,64671,5,21555.89,3152.58,4225.23,3586.82,3754.86,2919.28,1253.71,1253.71,1253.71,1253.71,2663.41,0.15,0.2,0.17,0.17,0.14,0.06,0.12,0.3333161695350311,4566,2164,2,31010.89,27148,0.42,0.48,7.06,3.35,0.68
59,FAM060,135791,6,31408.92,2544.7799999999997,3501.44,4626.25,5511.0199999999995,4867.89,4209.37,4209.37,4209.37,4209.37,6148.17,0.08,0.11,0.15,0.18,0.15,0.13,0.2,0.2313034000780611,2041,2501,2,42828.92,45019,0.33,0.32,1.5,1.84,0.68
60,FAM061,35695,2,6426.06,295.38,694.81,349.23,512.14,2176.79,786.4200000000001,786.4200000000001,786.4200000000001,786.4200000000001,1611.29,0.05,0.11,0.05,0.08,0.34,0.12,0.25,0.18002689452304246,994,2774,2,14002.060000000001,43590,1.22,0.39,2.78,7.77,0.68
61,FAM062,125647,5,21917.04,2118.18,2521.77,1141.87,3882.92,3621.34,3628.87,3628.87,3628.87,3628.87,5002.09,0.1,0.12,0.05,0.18,0.17,0.17,0.23,0.1744334524501182,3739,1484,2,29807.04,25472,0.2,0.24,2.98,1.18,0.68
62,FAM063,90217,2,13009.12,3303.4300000000003,1359.04,1670.41,1938.24,968.21,1674.79,1674.79,1674.79,1674.79,2095.0,0.25,0.1,0.13,0.15,0.07,0.13,0.16,0.14419810013633796,1092,2450,2,23182.120000000003,29711,0.33,0.26,1.21,2.72,0.68
63,FAM064,100284,4,15738.92,1844.21,1205.83,2121.57,4018.92,2918.49,2228.9,2228.9,2228.9,2228.9,1401.0,0.12,0.08,0.13,0.26,0.19,0.14,0.09,0.15694348051533644,3806,2510,2,28249.92,34919,0.35,0.28,3.8,2.5,0.68
64,FAM065,46361,4,14893.78,2803.83,2456.36,2953.92,2100.13,1772.28,2031.25,2031.25,2031.25,2031.25,776.01,0.19,0.16,0.2,0.14,0.12,0.14,0.05,0.3212566596924139,4351,2335,2,24741.78,30588,0.66,0.53,9.39,5.04,0.68
65,FAM066,79615,4,16179.1,3980.69,1952.03,1873.8400000000001,1630.46,2876.42,2272.36,2272.36,2272.36,2272.36,1593.3,0.25,0.12,0.12,0.1,0.18,0.14,0.1,0.20321673051560638,4578,570,2,26467.1,8930,0.11,0.33,5.75,0.72,0.68
66,FAM067,40328,2,9167.55,772.56,1751.0700000000002,1778.9,2469.21,1026.38,306.31,306.31,306.31,306.31,1063.12,0.08,0.19,0.19,0.27,0.11,0.03,0.12,0.22732468756199167,4877,881,2,19927.55,17246,0.43,0.49,12.09,2.18,0.68
67,FAM068,102357,5,20582.69,1849.61,4189.64,2670.77,2382.7799999999997,3106.81,2015.6699999999998,2015.6699999999998,2015.6699999999998,2015.6699999999998,4367.41,0.09,0.2,0.13,0.12,0.15,0.1,0.21,0.20108727297595672,2599,1705,2,27943.69,15725,0.15,0.27,2.54,1.67,0.68
68,FAM069,68427,6,25713.02,3447.22,4697.11,2873.7799999999997,3216.61,3806.2799999999997,2921.96,2921.96,2921.96,2921.96,4750.0599999999995,0.13,0.18,0.11,0.13,0.15,0.11,0.18,0.3757730135765122,3625,1407,2,32161.02,5196,0.08,0.47,5.3,2.06,0.68
69,FAM070,138711,2,8139.290000000001,1291.38,2155.37,1308.15,400.37,1743.34,996.9699999999999,996.9699999999999,996.9699999999999,996.9699999999999,243.71,0.16,0.26,0.16,0.05,0.21,0.12,0.03,0.05867804283726597,4135,2156,2,16186.29,23156,0.17,0.12,2.98,1.55,0.68
70,FAM071,112397,7,36112.18,4059.71,5145.88,7704.32,4704.31,5287.27,5633.68,5633.68,5633.68,5633.68,3577.01,0.11,0.14,0.21,0.13,0.15,0.16,0.1,0.321291315604509,3495,1496,2,47299.18,2378,0.02,0.42,3.11,1.33,0.68
71,FAM072,111070,6,25512.44,3221.2799999999997,2700.14,3879.2200000000003,4176.95,4339.47,3024.47,3024.47,3024.47,3024.47,4170.91,0.13,0.11,0.15,0.16,0.17,0.12,0.16,0.22969694787071215,4488,1754,2,36223.44,39555,0.36,0.33,4.04,1.58,0.68
72,FAM073,146057,5,23961.989999999998,3555.29,3744.16,2651.65,3261.05,2281.7200000000003,4081.7599999999998,4081.7599999999998,4081.7599999999998,4081.7599999999998,4386.36,0.15,0.16,0.11,0.14,0.1,0.17,0.18,0.16405916868072054,3652,2882,2,33761.99,37301,0.26,0.23,2.5,1.97,0.68
73,FAM074,142945,5,22410.58,4504.77,4046.17,2378.47,1686.1,2330.87,3843.2200000000003,3843.2200000000003,3843.2200000000003,3843.2200000000003,3620.98,0.2,0.18,0.11,0.08,0.1,0.17,0.16,0.15677764175032358,1303,2011,2,27085.58,16080,0.11,0.19,0.91,1.41,0.68
74,FAM075,77400,2,6379.0,1182.5,309.67,608.6500000000001,877.63,1567.37,791.8199999999999,791.8199999999999,791.8199999999999,791.8199999999999,1041.3600000000001,0.19,0.05,0.1,0.14,0.25,0.12,0.16,0.08241602067183462,3888,2438,2,13734.0,39564,0.51,0.18,5.02,3.15,0.68
75,FAM076,105674,3,12470.75,1003.4200000000001,1088.32,482.97999999999996,575.51,3378.74,3984.5,3984.5,3984.5,3984.5,1957.28,0.08,0.09,0.04,0.05,0.27,0.32,0.16,0.11801152601396747,3686,2767,2,22655.75,15432,0.15,0.21,3.49,2.62,0.68
76,FAM077,55203,6,26127.03,2852.58,4246.93,3972.55,3880.81,4357.79,3375.65,3375.65,3375.65,3375.65,3440.72,0.11,0.16,0.15,0.15,0.17,0.13,0.13,0.47329003858485946,2123,2674,2,32995.03,1471,0.03,0.6,3.85,4.84,0.68
77,FAM078,122349,4,16744.34,2646.52,1488.96,1743.52,1596.09,4704.49,1700.6,1700.6,1700.6,1700.6,2864.16,0.16,0.09,0.1,0.1,0.28,0.1,0.17,0.13685718722670395,2025,1908,2,26896.34,5652,0.05,0.22,1.66,1.56,0.68
78,FAM079,39116,6,26756.38,4353.2300000000005,3919.57,4076.19,2385.59,3654.26,3291.7,3291.7,3291.7,3291.7,5075.84,0.16,0.15,0.15,0.09,0.14,0.12,0.19,0.684026485325698,2271,2242,2,34414.380000000005,47389,1.21,0.88,5.81,5.73,0.68
79,FAM080,36006,5,16800.13,2725.01,1973.76,3065.0699999999997,3601.4500000000003,1728.51,2360.63,2360.63,2360.63,2360.63,1345.7,0.16,0.12,0.18,0.21,0.1,0.14,0.08,0.4665925123590513,4270,2754,2,26147.13,42359,1.18,0.73,11.86,7.65,0.68
80,FAM081,116673,7,37314.399999999994,5719.63,5302.18,4274.97,5012.69,6515.67,3708.58,3708.58,3708.58,3708.58,6780.68,0.15,0.14,0.11,0.13,0.17,0.1,0.18,0.3198203526094298,3969,1854,2,47756.4,4858,0.04,0.41,3.4,1.59,0.68
81,FAM082,59871,5,18439.75,2712.28,3729.3199999999997,3807.81,2607.05,1757.18,2022.7,2022.7,2022.7,2022.7,1803.41,0.15,0.2,0.21,0.14,0.1,0.11,0.1,0.30799134806500644,1959,1941,2,27858.75,16003,0.27,0.47,3.27,3.24,0.68
82,FAM083,131327,2,8765.74,283.57,1563.52,1897.62,2040.5,1181.69,1155.71,1155.71,1155.71,1155.71,643.13,0.03,0.18,0.22,0.23,0.13,0.13,0.07,0.0667474319827606,2249,2358,2,20152.739999999998,5417,0.04,0.15,1.71,1.8,0.68
83,FAM084,67930,3,13324.31,1199.7,2280.61,1908.41,1062.49,2749.06,940.54,940.54,940.54,940.54,3183.5,0.09,0.17,0.14,0.08,0.21,0.07,0.24,0.1961476519947004,3603,1609,2,23039.309999999998,3058,0.04,0.34,5.3,2.37,0.68
84,FAM085,40458,4,12740.55,2296.74,2181.16,1153.23,2386.08,1529.7099999999998,1574.54,1574.54,1574.54,1574.54,1619.09,0.18,0.17,0.09,0.19,0.12,0.12,0.13,0.3149080527954916,634,1755,2,20723.55,22654,0.56,0.51,1.57,4.34,0.68
85,FAM086,142108,6,28309.07,5014.87,3859.5,3552.78,3186.79,2586.37,4888.34,4888.34,4888.34,4888.34,5220.42,0.18,0.14,0.13,0.11,0.09,0.17,0.18,0.19920813747290794,2340,1529,2,33257.07,5643,0.04,0.23,1.65,1.08,0.68
86,FAM087,60512,3,16799.32,3039.2,1946.94,3545.9700000000003,2868.6800000000003,2377.77,1200.96,1200.96,1200.96,1200.96,1819.8000000000002,0.18,0.12,0.21,0.17,0.14,0.07,0.11,0.27761964569011105,1920,1444,2,22079.32,34695,0.57,0.36,3.17,2.39,0.68
87,FAM088,143571,4,19463.6,3784.81,2094.9900000000002,2080.13,3111.39,2240.41,2944.0299999999997,2944.0299999999997,2944.0299999999997,2944.0299999999997,3207.84,0.19,0.11,0.11,0.16,0.12,0.15,0.16,0.13556776786398367,2225,994,2,24298.6,16597,0.12,0.17,1.55,0.69,0.68
88,FAM089,43238,5,13636.84,4623.91,41.59,2737.68,1448.53,1624.3600000000001,2174.58,2174.58,2174.58,2174.58,986.19,0.34,0.0,0.2,0.11,0.12,0.16,0.07,0.3153901660576345,2751,1288,2,24335.84,19250,0.45,0.56,6.36,2.98,0.68
89,FAM090,79823,7,31047.38,4789.83,4073.11,4243.84,4402.84,4535.21,4601.57,4601.57,4601.57,4601.57,4400.9800000000005,0.15,0.13,0.14,0.14,0.15,0.15,0.14,0.3889528080878945,2619,1792,2,37679.380000000005,44842,0.56,0.47,3.28,2.24,0.68
90,FAM091,66434,5,14891.99,649.24,3086.45,1016.26,2511.8199999999997,1140.72,3561.48,3561.48,3561.48,3561.48,2926.02,0.04,0.21,0.07,0.17,0.08,0.24,0.2,0.22416217599421984,4424,989,2,25773.989999999998,32812,0.49,0.39,6.66,1.49,0.68
91,FAM092,89429,2,9928.52,446.37,1731.42,498.21000000000004,2918.25,1616.99,910.64,910.64,910.64,910.64,1806.6399999999999,0.04,0.17,0.05,0.29,0.16,0.09,0.18,0.11102125708662738,660,2694,2,14577.52,15040,0.17,0.16,0.74,3.01,0.68
92,FAM093,113320,2,12533.17,3592.33,623.61,1344.3500000000001,2264.74,1941.9099999999999,1746.75,1746.75,1746.75,1746.75,1019.48,0.29,0.05,0.11,0.18,0.15,0.14,0.08,0.11059980585951287,1133,1258,2,18948.17,36339,0.32,0.17,1.0,1.11,0.68
93,FAM094,139328,7,33364.19,6962.39,2922.69,5854.85,6023.68,3736.83,3269.12,3269.12,3269.12,3269.12,4594.63,0.21,0.09,0.18,0.18,0.11,0.1,0.14,0.2394650752181902,1235,1284,3,41654.19,9671,0.07,0.3,0.89,0.92,0.6
94,FAM095,77819,6,26268.84,4795.88,2808.65,3309.5299999999997,3615.46,5399.27,2485.05,2485.05,2485.05,2485.05,3855.0,0.18,0.11,0.13,0.14,0.21,0.09,0.15,0.3375633200118223,1894,1386,3,35074.84,48405,0.62,0.45,2.43,1.78,0.6
95,FAM096,51319,3,9342.53,1451.06,461.36,2696.43,1722.71,1655.63,669.52,669.52,669.52,669.52,685.82,0.16,0.05,0.29,0.18,0.18,0.07,0.07,0.18204816929402365,3137,2483,3,17175.53,38423,0.75,0.33,6.11,4.84,0.6
96,FAM097,78520,7,26217.69,6472.37,3237.83,4436.42,2227.13,3453.64,3505.32,3505.32,3505.32,3505.32,2884.98,0.25,0.12,0.17,0.08,0.13,0.13,0.11,0.3338982424859908,1251,1632,3,33620.69,38762,0.49,0.43,1.59,2.08,0.6
97,FAM098,76566,3,11939.829999999998,171.84,1835.99,831.04,2452.48,2438.7,1522.43,1522.43,1522.43,1522.43,2687.35,0.01,0.15,0.07,0.21,0.2,0.13,0.23,0.15594167123788624,1752,2914,3,18649.83,31976,0.42,0.24,2.29,3.81,0.6
98,FAM099,57460,4,7078.34,1338.32,0.0,1419.6200000000001,1146.52,854.4,1835.96,1835.96,1835.96,1835.96,483.52,0.19,0.0,0.2,0.16,0.12,0.26,0.07,0.12318726070309781,526,2648,3,11594.34,16925,0.29,0.2,0.92,4.61,0.6
99,FAM100,117841,6,24593.15,3123.86,3125.48,2161.09,3746.9,4184.15,4921.18,4921.18,4921.18,4921.18,3330.4900000000002,0.13,0.13,0.09,0.15,0.17,0.2,0.14,0.20869773678091666,3398,2944,3,34460.15,31996,0.27,0.29,2.88,2.5,0.6
100,FAM101,64993,2,9465.02,1435.79,1877.15,1525.81,1639.69,1450.83,356.15999999999997,356.15999999999997,356.15999999999997,356.15999999999997,1179.59,0.15,0.2,0.16,0.17,0.15,0.04,0.12,0.1456313756866124,3339,1659,3,18450.02,27677,0.43,0.28,5.14,2.55,0.6
101,FAM102,121988,6,29736.010000000002,3817.72,4916.26,4643.95,3400.01,4082.64,4305.59,4305.59,4305.59,4305.59,4569.84,0.13,0.17,0.16,0.11,0.14,0.14,0.15,0.24376176345214284,2710,911,3,34683.009999999995,13478,0.11,0.28,2.22,0.75,0.6
102,FAM103,119593,5,20651.3,4122.76,2122.65,3662.4,2566.9,2282.48,2250.02,2250.02,2250.02,2250.02,3644.09,0.2,0.1,0.18,0.12,0.11,0.11,0.18,0.1726798391210188,4445,1295,3,30322.3,7181,0.06,0.25,3.72,1.08,0.6
103,FAM104,114939,2,7077.959999999999,1536.77,1728.62,300.09000000000003,1176.3200000000002,910.53,1360.22,1360.22,1360.22,1360.22,65.41,0.22,0.24,0.04,0.17,0.13,0.19,0.01,0.061580142510375066,3816,1713,3,15326.96,7352,0.06,0.13,3.32,1.49,0.6
104,FAM105,39358,3,13069.119999999999,1383.99,1666.9,1330.17,2093.24,2742.08,2996.02,2996.02,2996.02,2996.02,856.72,0.11,0.13,0.1,0.16,0.21,0.23,0.07,0.33205752324813254,3406,1431,3,24493.120000000003,44187,1.12,0.62,8.65,3.64,0.6
105,FAM106,109840,2,10645.67,2420.41,1551.13,1420.01,1262.39,445.65000000000003,2100.75,2100.75,2100.75,2100.75,1445.33,0.23,0.15,0.13,0.12,0.04,0.2,0.14,0.09691979242534594,510,1978,3,16177.67,29249,0.27,0.15,0.46,1.8,0.6
106,FAM107,113227,5,26791.05,4151.84,3932.7000000000003,2246.7400000000002,4282.49,4766.05,3537.61,3537.61,3537.61,3537.61,3873.62,0.15,0.15,0.08,0.16,0.18,0.13,0.14,0.2366136168934971,1694,1234,3,36182.05,24219,0.21,0.32,1.5,1.09,0.6
107,FAM108,52431,2,7415.76,1332.64,1394.52,1289.48,333.49,1257.8799999999999,1181.2,1181.2,1181.2,1181.2,626.5500000000001,0.18,0.19,0.17,0.04,0.17,0.16,0.08,0.14143846197860044,3441,1738,3,14436.76,28759,0.55,0.28,6.56,3.31,0.6
108,FAM109,100010,7,34499.17,4699.63,5646.5,4346.2699999999995,7193.35,3306.7200000000003,3951.02,3951.02,3951.02,3951.02,5355.68,0.14,0.16,0.13,0.21,0.1,0.11,0.16,0.34495720427957205,3190,557,3,42143.17,27941,0.28,0.42,3.19,0.56,0.6
109,FAM110,125568,3,11532.93,1901.5700000000002,1266.6000000000001,1111.13,1591.01,1981.76,1459.98,1459.98,1459.98,1459.98,2220.88,0.16,0.11,0.1,0.14,0.17,0.13,0.19,0.09184609136085627,4784,2687,3,24589.93,31606,0.25,0.2,3.81,2.14,0.6
110,FAM111,62087,5,22049.29,2918.24,3897.91,4355.360000000001,1951.55,4245.3,2589.08,2589.08,2589.08,2589.08,2091.85,0.13,0.18,0.2,0.09,0.19,0.12,0.09,0.35513537455505984,160,1018,3,27556.29,48780,0.79,0.44,0.26,1.64,0.6
111,FAM112,51417,7,29669.800000000003,4133.54,4917.99,3259.23,5924.5,3286.61,4079.36,4079.36,4079.36,4079.36,4068.57,0.14,0.17,0.11,0.2,0.11,0.14,0.14,0.5770426123655601,4716,1623,3,42092.8,4550,0.09,0.82,9.17,3.16,0.6
112,FAM113,90589,4,21388.57,3407.2200000000003,2784.45,2551.45,2869.4500000000003,2056.79,3152.18,3152.18,3152.18,3152.18,4567.03,0.16,0.13,0.12,0.13,0.1,0.15,0.21,0.2361055978098886,3116,686,3,27456.57,45129,0.5,0.3,3.44,0.76,0.6
113,FAM114,79735,6,22044.86,3001.65,3563.67,4955.3099999999995,1971.46,2606.36,2756.52,2756.52,2756.52,2756.52,3189.89,0.14,0.16,0.22,0.09,0.12,0.13,0.14,0.2764765786668339,3907,723,3,29613.86,43824,0.55,0.37,4.9,0.91,0.6
114,FAM115,65382,7,28800.42,3190.53,4495.03,3958.1,3928.84,3166.9700000000003,4721.94,4721.94,4721.94,4721.94,5339.01,0.11,0.16,0.14,0.14,0.11,0.16,0.19,0.4404946315499679,48,2766,3,33945.42,43348,0.66,0.52,0.07,4.23,0.6
115,FAM116,113886,4,20721.71,4413.09,1869.15,3384.22,3013.75,3869.92,1243.33,1243.33,1243.33,1243.33,2928.25,0.21,0.09,0.16,0.15,0.19,0.06,0.14,0.1819513373022145,2881,1696,3,27748.71,7449,0.07,0.24,2.53,1.49,0.6
116,FAM117,120198,5,25135.87,3308.88,4847.19,2945.52,3980.44,3981.64,3975.0,3975.0,3975.0,3975.0,2097.2,0.13,0.19,0.12,0.16,0.16,0.16,0.08,0.2091205344514884,2446,1017,3,32975.869999999995,4972,0.04,0.27,2.03,0.85,0.6
117,FAM118,103000,5,23882.28,4093.24,3684.4,2992.32,3248.35,3813.35,3266.4700000000003,3266.4700000000003,3266.4700000000003,3266.4700000000003,2784.15,0.17,0.15,0.13,0.14,0.16,0.14,0.12,0.23186679611650482,3194,2510,3,30789.28,27386,0.27,0.3,3.1,2.44,0.6
118,FAM119,58785,5,20877.7,1060.43,6252.75,2664.55,2543.99,3025.5,2817.69,2817.69,2817.69,2817.69,2512.79,0.05,0.3,0.13,0.12,0.14,0.13,0.12,0.35515352555924123,3432,920,3,27698.7,48724,0.83,0.47,5.84,1.57,0.6
119,FAM120,119733,3,21031.440000000002,2678.95,3924.57,2638.6,5078.24,2561.12,3559.96,3559.96,3559.96,3559.96,590.0,0.13,0.19,0.13,0.24,0.12,0.17,0.03,0.17565282754127934,4409,550,3,29711.44,23236,0.19,0.25,3.68,0.46,0.6
120,FAM121,72504,5,22278.5,2702.8,3729.21,3094.64,2134.92,4772.8,3812.33,3812.33,3812.33,3812.33,2031.8000000000002,0.12,0.17,0.14,0.1,0.21,0.17,0.09,0.30727270219574093,4473,2851,3,33974.5,8161,0.11,0.47,6.17,3.93,0.6
121,FAM122,140474,6,29772.1,2880.63,4334.69,4235.16,3888.56,3104.79,7385.51,7385.51,7385.51,7385.51,3942.7599999999998,0.1,0.15,0.14,0.13,0.1,0.25,0.13,0.21194028788245511,4941,1664,3,42864.1,17295,0.12,0.31,3.52,1.18,0.6
122,FAM123,130704,3,13416.66,1118.02,2137.66,2689.92,1481.0,1845.1,2443.36,2443.36,2443.36,2443.36,1701.6,0.08,0.16,0.2,0.11,0.14,0.18,0.13,0.10264919206757254,1806,2422,3,20676.66,13556,0.1,0.16,1.38,1.85,0.6
123,FAM124,131711,5,24342.56,2190.66,3888.2,3460.2799999999997,2730.11,2808.42,6072.42,6072.42,6072.42,6072.42,3192.47,0.09,0.16,0.14,0.11,0.12,0.25,0.13,0.18481797268261574,3999,2460,3,33986.56,13465,0.1,0.26,3.04,1.87,0.6
124,FAM125,37331,3,13475.99,1726.23,1326.42,932.54,1427.92,3862.62,2398.04,2398.04,2398.04,2398.04,1802.22,0.13,0.1,0.07,0.11,0.29,0.18,0.13,0.3609865795183627,1797,2304,3,19880.989999999998,36146,0.97,0.53,4.81,6.17,0.6
125,FAM126,60021,6,22634.34,2323.06,3155.5,3505.1,4790.58,3720.22,3340.96,3340.96,3340.96,3340.96,1798.92,0.1,0.14,0.15,0.21,0.16,0.15,0.08,0.377107012545609,2235,1895,3,33508.34,30400,0.51,0.56,3.72,3.16,0.6
126,FAM127,137715,6,32668.81,5127.91,4908.18,4392.55,2868.8,5992.2300000000005,4795.15,4795.15,4795.15,4795.15,4583.99,0.16,0.15,0.13,0.09,0.18,0.15,0.14,0.2372204189812294,3570,1255,3,39378.81,10186,0.07,0.29,2.59,0.91,0.6
127,FAM128,34207,7,33954.64,4170.14,5707.79,6132.75,4030.0699999999997,4579.4,4872.05,4872.05,4872.05,4872.05,4462.44,0.12,0.17,0.18,0.12,0.13,0.14,0.13,0.9926225626333792,3978,710,3,42775.64,28648,0.84,1.25,11.63,2.08,0.6
128,FAM129,135518,3,14267.359999999999,2873.09,1909.57,2437.79,1531.04,1652.88,1777.64,1777.64,1777.64,1777.64,2085.35,0.2,0.13,0.17,0.11,0.12,0.12,0.15,0.10528018418217507,237,1534,3,17355.36,13025,0.1,0.13,0.17,1.13,0.6
129,FAM130,71347,2,9243.26,1261.34,1741.07,1841.31,981.95,1182.01,736.06,736.06,736.06,736.06,1499.52,0.14,0.19,0.2,0.11,0.13,0.08,0.16,0.12955359020000842,3185,2456,3,19739.260000000002,19254,0.27,0.28,4.46,3.44,0.6
130,FAM131,82581,4,22234.82,2626.04,2066.26,2775.69,4853.72,4126.06,2784.47,2784.47,2784.47,2784.47,3002.58,0.12,0.09,0.12,0.22,0.19,0.13,0.14,0.26924861650985094,2753,967,3,28776.82,31318,0.38,0.35,3.33,1.17,0.6
131,FAM132,65093,5,24966.25,4920.87,6050.15,2119.9,2436.93,3972.99,3827.58,3827.58,3827.58,3827.58,1637.83,0.2,0.24,0.08,0.1,0.16,0.15,0.07,0.38354738604765487,3312,767,3,31679.25,17371,0.27,0.49,5.09,1.18,0.6
132,FAM133,38675,4,23917.64,2380.91,4195.5,2624.27,3673.41,2926.12,3626.08,3626.08,3626.08,3626.08,4491.35,0.1,0.18,0.11,0.15,0.12,0.15,0.19,0.6184263736263736,1352,2141,3,32180.64,5940,0.15,0.83,3.5,5.54,0.6
133,FAM134,57653,6,30023.88,5583.84,3838.08,4284.59,4635.63,3370.55,4737.72,4737.72,4737.72,4737.72,3573.47,0.19,0.13,0.14,0.15,0.11,0.16,0.12,0.5207687370995439,3828,2514,3,40229.880000000005,30041,0.52,0.7,6.64,4.36,0.6
134,FAM135,149686,4,18426.23,3143.7400000000002,2291.69,2880.29,2224.4,1736.92,4587.96,4587.96,4587.96,4587.96,1561.23,0.17,0.12,0.16,0.12,0.09,0.25,0.08,0.12309922103603543,1045,803,3,23774.23,37066,0.25,0.16,0.7,0.54,0.6
135,FAM136,104341,2,7364.93,1199.74,390.02,1121.44,1438.69,517.15,1062.22,1062.22,1062.22,1062.22,1635.6699999999998,0.16,0.05,0.15,0.2,0.07,0.14,0.22,0.07058519661494524,4375,2863,3,17466.93,7416,0.07,0.17,4.19,2.74,0.6
136,FAM137,144867,4,19820.96,2505.32,3720.04,3777.87,2411.58,1697.93,3128.81,3128.81,3128.81,3128.81,2579.41,0.13,0.19,0.19,0.12,0.09,0.16,0.13,0.13682177445518995,220,719,3,23585.96,4315,0.03,0.16,0.15,0.5,0.6
137,FAM138,124098,7,35023.14,5467.18,5210.16,4706.64,6435.42,4233.8,4311.7,4311.7,4311.7,4311.7,4658.24,0.16,0.15,0.13,0.18,0.12,0.12,0.13,0.2822216312913987,3227,1121,3,40564.14,43738,0.35,0.33,2.6,0.9,0.6
138,FAM139,71245,4,18628.47,1954.6100000000001,3351.56,3154.94,2872.59,3181.06,2078.99,2078.99,2078.99,2078.99,2034.72,0.1,0.18,0.17,0.15,0.17,0.11,0.11,0.26147055933749735,4848,1111,3,30993.47,36427,0.51,0.44,6.8,1.56,0.6
139,FAM140,57869,6,30066.22,2652.61,3794.06,4777.72,5834.43,3257.27,4144.78,4144.78,4144.78,4144.78,5605.35,0.09,0.13,0.16,0.19,0.11,0.14,0.19,0.5195565846999257,4623,2805,3,40076.22,1967,0.03,0.69,7.99,4.85,0.6
140,FAM141,115909,6,24475.839999999997,2452.77,4910.82,3750.23,2578.93,2378.12,4193.1,4193.1,4193.1,4193.1,4211.87,0.1,0.2,0.15,0.11,0.1,0.17,0.17,0.21116427542296112,222,1744,3,30705.84,7112,0.06,0.26,0.19,1.5,0.6
141,FAM142,95435,7,29267.07,6151.27,3930.43,4523.599999999999,4428.6,4125.49,2733.36,2733.36,2733.36,2733.36,3374.32,0.21,0.13,0.15,0.15,0.14,0.09,0.12,0.30667019437313353,687,848,3,34491.07,16491,0.17,0.36,0.72,0.89,0.6
142,FAM143,81856,5,20360.079999999998,2191.41,4660.14,3379.77,3122.25,2818.11,1991.31,1991.31,1991.31,1991.31,2197.09,0.11,0.23,0.17,0.15,0.14,0.1,0.11,0.24873045347928066,3511,1516,3,28669.08,11899,0.15,0.35,4.29,1.85,0.6
143,FAM144,145957,3,15403.47,2499.68,2104.59,2380.59,1695.13,1995.1399999999999,1823.62,1823.62,1823.62,1823.62,2904.72,0.16,0.14,0.15,0.11,0.13,0.12,0.19,0.10553430119829812,1111,985,3,19067.47,27634,0.19,0.13,0.76,0.67,0.6
144,FAM145,149871,5,22216.010000000002,3134.02,4057.15,2808.1,2185.55,2027.94,4032.1,4032.1,4032.1,4032.1,3971.15,0.14,0.18,0.13,0.1,0.09,0.18,0.18,0.14823421475802523,3782,2785,3,32069.01,32826,0.22,0.21,2.52,1.86,0.6
145,FAM146,114259,6,21686.7,4169.23,2227.05,1476.89,1732.24,3716.82,4810.89,4810.89,4810.89,4810.89,3553.58,0.19,0.1,0.07,0.08,0.17,0.22,0.16,0.18980299144925128,1488,2204,3,29254.7,32546,0.28,0.26,1.3,1.93,0.6
146,FAM147,90142,5,27646.47,4043.18,1629.64,4915.4,6743.05,3597.7,3373.23,3373.23,3373.23,3373.23,3344.27,0.15,0.06,0.18,0.24,0.13,0.12,0.12,0.30669909698031994,411,2983,3,37295.47,15008,0.17,0.41,0.46,3.31,0.6
147,FAM148,48726,4,18861.41,3232.71,2498.66,2475.94,1455.32,3669.63,1440.77,1440.77,1440.77,1440.77,4088.38,0.17,0.13,0.13,0.08,0.19,0.08,0.22,0.3870912859664245,2131,2941,3,29106.41,27282,0.56,0.6,4.37,6.04,0.6
148,FAM149,64718,4,23556.05,3024.99,3415.9,2430.08,2317.8,4455.84,3891.3599999999997,3891.3599999999997,3891.3599999999997,3891.3599999999997,4020.08,0.13,0.15,0.1,0.1,0.19,0.17,0.17,0.36397988194938036,3105,1424,3,32359.05,4842,0.07,0.5,4.8,2.2,0.6
149,FAM150,48301,6,25660.3,4767.91,3307.52,3107.1499999999996,3330.0299999999997,2976.95,4554.41,4554.41,4554.41,4554.41,3616.33,0.19,0.13,0.12,0.13,0.12,0.18,0.14,0.5312581520051345,2681,2640,3,37547.3,11789,0.24,0.78,5.55,5.47,0.6
150,FAM151,62325,6,30044.97,4985.19,6509.65,2637.1099999999997,4866.96,1839.45,6174.74,6174.74,6174.74,6174.74,3031.8700000000003,0.17,0.22,0.09,0.16,0.06,0.21,0.1,0.48206931407942233,1733,2058,3,39227.97,25836,0.41,0.63,2.78,3.3,0.6
151,FAM152,127647,5,29130.57,3045.85,3592.75,4927.57,4986.84,1866.1399999999999,5489.88,5489.88,5489.88,5489.88,5221.54,0.1,0.12,0.17,0.17,0.06,0.19,0.18,0.2282119438764718,3724,2345,3,38911.57,1141,0.01,0.3,2.92,1.84,0.6
152,FAM153,103579,5,23806.7,4405.88,2227.9,2938.58,4219.71,3635.57,2714.26,2714.26,2714.26,2714.26,3664.8,0.19,0.09,0.12,0.18,0.15,0.11,0.15,0.2298409909344558,2677,2313,3,30022.7,26586,0.26,0.29,2.58,2.23,0.6
153,FAM154,100644,4,11167.58,1580.81,2941.69,1222.93,905.98,1775.3400000000001,1653.92,1653.92,1653.92,1653.92,1086.91,0.14,0.26,0.11,0.08,0.16,0.15,0.1,0.11096120980883112,2764,1717,3,17592.58,18380,0.18,0.17,2.75,1.71,0.6
154,FAM155,64438,3,21317.76,2556.27,2406.0,3893.41,1540.3899999999999,3370.0099999999998,2182.66,2182.66,2182.66,2182.66,5369.02,0.12,0.11,0.18,0.07,0.16,0.1,0.25,0.3308259101772246,3105,2910,3,30471.76,30819,0.48,0.47,4.82,4.52,0.6
155,FAM156,127912,7,31796.84,3344.83,5428.55,3583.77,3246.62,5812.1900000000005,3752.67,3752.67,3752.67,3752.67,6628.21,0.11,0.17,0.11,0.1,0.18,0.12,0.21,0.24858371380323974,2279,2256,3,38793.84,19694,0.15,0.3,1.78,1.76,0.6
156,FAM157,106622,3,9875.13,1079.87,2638.66,219.20000000000002,976.48,2503.7,1791.05,1791.05,1791.05,1791.05,666.1700000000001,0.11,0.27,0.02,0.1,0.25,0.18,0.07,0.09261812759092869,3453,1750,3,20834.129999999997,28722,0.27,0.2,3.24,1.64,0.6
157,FAM158,86155,6,28760.95,5152.5,3062.06,3743.82,4465.08,2149.95,5774.95,5774.95,5774.95,5774.95,4412.59,0.18,0.11,0.13,0.16,0.07,0.2,0.15,0.33382798444663686,2066,2829,3,36829.95,46651,0.54,0.43,2.4,3.28,0.6
158,FAM159,147679,5,24953.0,3499.92,5473.24,4804.76,2816.51,2394.62,2816.56,2816.56,2816.56,2816.56,3147.3900000000003,0.14,0.22,0.19,0.11,0.1,0.11,0.13,0.1689678288720807,670,746,3,27682.0,48874,0.33,0.19,0.45,0.51,0.6
159,FAM160,106484,3,13991.720000000001,1152.19,2853.37,3297.88,1253.53,1182.6100000000001,1539.0900000000001,1539.0900000000001,1539.0900000000001,1539.0900000000001,2713.05,0.08,0.2,0.24,0.09,0.08,0.11,0.19,0.1313973930355734,3852,2997,3,22728.72,37422,0.35,0.21,3.62,2.81,0.6
160,FAM161,82350,5,27268.41,3077.7,4549.33,4508.1,2840.2200000000003,2980.61,4850.96,4850.96,4850.96,4850.96,4461.49,0.11,0.17,0.17,0.1,0.11,0.18,0.16,0.331128233151184,158,906,3,34219.41,44376,0.54,0.42,0.19,1.1,0.6
161,FAM162,77447,2,12386.67,2054.87,1610.22,2809.4700000000003,1853.8600000000001,0.0,1559.39,1559.39,1559.39,1559.39,2498.86,0.17,0.13,0.23,0.15,0.0,0.13,0.2,0.15993737652846463,4418,1351,3,22714.67,48081,0.62,0.29,5.7,1.74,0.6
162,FAM163,58746,4,22011.68,4878.69,3694.03,4095.34,2338.39,1662.1,2961.52,2961.52,2961.52,2961.52,2381.61,0.22,0.17,0.19,0.11,0.08,0.13,0.11,0.37469240458924863,426,1364,3,27632.68,32894,0.56,0.47,0.73,2.32,0.6
163,FAM164,48131,7,28114.7,3570.0099999999998,3719.52,5868.29,4597.72,3503.15,4375.29,4375.29,4375.29,4375.29,2480.7200000000003,0.13,0.13,0.21,0.16,0.12,0.16,0.09,0.5841287320022439,2866,1583,3,39531.7,11144,0.23,0.82,5.95,3.29,0.6
164,FAM165,96784,5,27140.36,3902.72,3215.48,3199.55,4320.33,5397.24,4810.56,4810.56,4810.56,4810.56,2294.48,0.14,0.12,0.12,0.16,0.2,0.18,0.08,0.28042197057364854,1836,832,3,33377.36,13445,0.14,0.34,1.9,0.86,0.6
165,FAM166,94686,7,32397.96,5359.98,5066.01,4400.05,4063.38,3824.8900000000003,4697.69,4697.69,4697.69,4697.69,4985.96,0.17,0.16,0.14,0.13,0.12,0.14,0.15,0.34216209365692923,562,1143,3,38676.96,20445,0.22,0.41,0.59,1.21,0.6
166,FAM167,41915,5,17143.280000000002,1867.57,2301.12,2907.43,2950.88,3567.78,2224.57,2224.57,2224.57,2224.57,1323.93,0.11,0.13,0.17,0.17,0.21,0.13,0.08,0.40900107360133603,329,1482,3,24920.28,15267,0.36,0.59,0.78,3.54,0.6
167,FAM168,129061,5,25743.73,3011.2000000000003,3387.83,5039.5,3562.26,2903.38,4459.71,4459.71,4459.71,4459.71,3379.85,0.12,0.13,0.2,0.14,0.11,0.17,0.13,0.19946947567429354,254,1211,3,32397.73,4832,0.04,0.25,0.2,0.94,0.6
168,FAM169,36175,7,26135.550000000003,4477.6,4027.4700000000003,3675.37,2813.24,3421.82,4839.93,4839.93,4839.93,4839.93,2880.12,0.17,0.15,0.14,0.11,0.13,0.19,0.11,0.7224754664823773,2025,2760,3,32867.55,38957,1.08,0.91,5.6,7.63,0.6
169,FAM170,142866,7,33014.31,5287.3099999999995,6886.85,3886.59,5204.61,3325.46,4194.83,4194.83,4194.83,4194.83,4228.66,0.16,0.21,0.12,0.16,0.1,0.13,0.13,0.23108584267775398,1633,807,3,39609.31,49217,0.34,0.28,1.14,0.56,0.6
170,FAM171,44371,3,10005.21,1724.72,1095.6799999999998,2282.25,1559.6100000000001,1404.23,1525.0700000000002,1525.0700000000002,1525.0700000000002,1525.0700000000002,413.65,0.17,0.11,0.23,0.16,0.14,0.15,0.04,0.22548984697212146,166,1141,3,17035.21,36533,0.82,0.38,0.37,2.57,0.6
171,FAM172,50033,5,24227.04,2908.04,3831.26,3589.1099999999997,3023.29,2777.35,4993.43,4993.43,4993.43,4993.43,3104.56,0.12,0.16,0.15,0.12,0.11,0.21,0.13,0.48422121399876084,1248,510,3,28542.04,4994,0.1,0.57,2.49,1.02,0.6
172,FAM173,112240,2,12618.189999999999,2424.36,1124.4,2882.2599999999998,943.23,2396.2200000000003,470.36,470.36,470.36,470.36,2377.36,0.19,0.09,0.23,0.07,0.19,0.04,0.19,0.11242150748396293,1954,2173,3,19831.190000000002,21552,0.19,0.18,1.74,1.94,0.6
173,FAM174,50969,3,4702.76,404.78,604.9300000000001,267.49,2036.22,778.88,393.52,393.52,393.52,393.52,216.94,0.09,0.13,0.06,0.43,0.17,0.08,0.05,0.09226706429398263,1034,2345,3,9444.76,4746,0.09,0.19,2.03,4.6,0.6
174,FAM175,133819,6,18876.28,2949.88,2878.52,4193.16,3283.86,1718.29,2583.67,2583.67,2583.67,2583.67,1268.9,0.16,0.15,0.22,0.17,0.09,0.14,0.07,0.14105829515988014,3879,2932,3,32493.28,4286,0.03,0.24,2.9,2.19,0.6
175,FAM176,119192,6,30908.399999999998,3949.56,5169.21,5655.86,4548.39,5654.43,1395.4,1395.4,1395.4,1395.4,4535.55,0.13,0.17,0.18,0.15,0.18,0.05,0.15,0.2593160614806363,937,2424,3,38841.4,39284,0.33,0.33,0.79,2.03,0.6
176,FAM177,85333,4,12693.1,1111.54,1312.66,2070.6,2845.91,1709.92,2752.49,2752.49,2752.49,2752.49,889.9799999999999,0.09,0.1,0.16,0.22,0.13,0.22,0.07,0.14874784667127605,4620,1692,3,20018.1,32246,0.38,0.23,5.41,1.98,0.6
177,FAM178,108172,2,11209.14,2751.65,791.47,2273.39,1731.79,2508.08,238.69,238.69,238.69,238.69,914.07,0.25,0.07,0.2,0.15,0.22,0.02,0.08,0.1036233036275561,1785,633,3,18886.14,33954,0.31,0.17,1.65,0.59,0.6
178,FAM179,38326,5,21224.08,4103.86,3199.46,2377.46,3741.42,1698.33,2865.01,2865.01,2865.01,2865.01,3238.54,0.19,0.15,0.11,0.18,0.08,0.13,0.15,0.5537775922350363,3809,1448,3,31891.08,35807,0.93,0.83,9.94,3.78,0.6
179,FAM180,80432,2,6351.33,1310.19,225.81,454.76,1482.24,1334.48,451.02,451.02,451.02,451.02,1092.83,0.21,0.04,0.07,0.23,0.21,0.07,0.17,0.07896521285060672,2099,1680,3,16756.33,11317,0.14,0.21,2.61,2.09,0.6
180,FAM181,80019,6,19784.989999999998,2045.23,5699.98,2444.7,2738.86,2383.51,2821.81,2821.81,2821.81,2821.81,1650.9,0.1,0.29,0.12,0.14,0.12,0.14,0.08,0.24725365225758883,3021,1658,3,31356.99,4727,0.06,0.39,3.78,2.07,0.6
181,FAM182,108104,5,30168.81,4554.03,4406.48,6639.59,6060.2,3117.94,2323.73,2323.73,2323.73,2323.73,3066.84,0.15,0.15,0.22,0.2,0.1,0.08,0.1,0.2790720972396951,1374,2359,0,40394.81,34281,0.32,0.37,1.27,2.18,1.0
182,FAM183,91348,2,7912.780000000001,1662.4099999999999,597.1899999999999,1284.73,821.31,2228.91,1234.94,1234.94,1234.94,1234.94,83.29,0.21,0.08,0.16,0.1,0.28,0.16,0.01,0.08662236721110479,4963,791,0,16280.779999999999,6250,0.07,0.18,5.43,0.87,1.0
183,FAM184,99352,7,26879.64,2540.33,6393.79,2970.0099999999998,4398.41,1570.6499999999999,3972.14,3972.14,3972.14,3972.14,5034.3099999999995,0.09,0.24,0.11,0.16,0.06,0.15,0.19,0.27054956115629275,4974,1456,0,37292.64,13178,0.13,0.38,5.01,1.47,1.0
184,FAM185,62953,3,13898.710000000001,3259.44,645.77,1504.52,1202.68,1765.24,3047.75,3047.75,3047.75,3047.75,2473.31,0.23,0.05,0.11,0.09,0.13,0.22,0.18,0.22077915270122156,938,1583,0,20952.71,5490,0.09,0.33,1.49,2.51,1.0
185,FAM186,102512,5,18754.04,2355.61,1698.06,2526.46,4237.61,3385.96,2136.69,2136.69,2136.69,2136.69,2413.65,0.13,0.09,0.13,0.23,0.18,0.11,0.13,0.1829448259715936,1341,2915,0,24583.04,39996,0.39,0.24,1.31,2.84,1.0
186,FAM187,142824,7,40052.84,3171.88,7186.77,4901.49,7746.83,5306.37,4722.0,4722.0,4722.0,4722.0,7017.5,0.08,0.18,0.12,0.19,0.13,0.12,0.18,0.28043494090629023,2548,1310,0,50351.84,5453,0.04,0.35,1.78,0.92,1.0
187,FAM188,31504,3,13519.37,1838.0400000000002,2581.07,2386.25,910.56,1392.38,1140.1200000000001,1140.1200000000001,1140.1200000000001,1140.1200000000001,3270.95,0.14,0.19,0.18,0.07,0.1,0.08,0.24,0.42913185627221945,885,2241,0,20349.370000000003,45250,1.44,0.65,2.81,7.11,1.0
188,FAM189,119166,2,10052.18,747.71,1449.13,1005.46,1785.0,359.77000000000004,2504.57,2504.57,2504.57,2504.57,2200.54,0.07,0.14,0.1,0.18,0.04,0.25,0.22,0.08435442995485289,4740,970,0,21866.18,16414,0.14,0.18,3.98,0.81,1.0
189,FAM190,124466,5,19199.0,2573.52,2544.35,3476.09,2272.11,2339.6,1671.6100000000001,1671.6100000000001,1671.6100000000001,1671.6100000000001,4321.72,0.13,0.13,0.18,0.12,0.12,0.09,0.23,0.15425096010155384,210,2730,0,25710.0,27461,0.22,0.21,0.17,2.19,1.0
190,FAM191,45014,4,11927.279999999999,1941.6599999999999,1645.7199999999998,3021.76,697.6999999999999,1269.16,1830.76,1830.76,1830.76,1830.76,1520.52,0.16,0.14,0.25,0.06,0.11,0.15,0.13,0.26496823210556714,2555,1420,0,22336.28,8856,0.2,0.5,5.68,3.15,1.0
191,FAM192,119353,4,25543.56,6485.03,3598.99,3247.73,3476.98,4113.86,2539.98,2539.98,2539.98,2539.98,2080.99,0.25,0.14,0.13,0.14,0.16,0.1,0.08,0.21401690782803953,4716,1110,0,33389.56,38334,0.32,0.28,3.95,0.93,1.0
192,FAM193,145970,6,23927.04,2594.92,3351.18,2832.28,3181.85,2963.12,5311.91,5311.91,5311.91,5311.91,3691.7799999999997,0.11,0.14,0.12,0.13,0.12,0.22,0.15,0.16391751729807497,3074,1588,0,35485.04,17135,0.12,0.24,2.11,1.09,1.0
193,FAM194,100381,7,41655.65,5349.93,3838.5,7630.28,6865.97,2918.26,7850.61,7850.61,7850.61,7850.61,7202.1,0.13,0.09,0.18,0.16,0.07,0.19,0.17,0.4149754435600363,3249,1082,0,49446.65,38940,0.39,0.49,3.24,1.08,1.0
194,FAM195,128419,5,21823.38,3680.14,2732.56,1271.68,2825.13,3934.5699999999997,5498.79,5498.79,5498.79,5498.79,1880.51,0.17,0.13,0.06,0.13,0.18,0.25,0.09,0.16993887197377333,1624,792,0,29393.38,39962,0.31,0.23,1.26,0.62,1.0
195,FAM196,64973,7,31433.34,3654.91,2312.54,5478.41,5953.19,6707.4,4104.09,4104.09,4104.09,4104.09,3222.8,0.12,0.07,0.17,0.19,0.21,0.13,0.1,0.48379080541147856,622,744,0,36332.34,3604,0.06,0.56,0.96,1.15,1.0
196,FAM197,130741,2,4032.8199999999997,649.13,437.89,842.95,176.34,1153.77,295.65999999999997,295.65999999999997,295.65999999999997,295.65999999999997,477.08000000000004,0.16,0.11,0.21,0.04,0.29,0.07,0.12,0.030845870843882173,4850,1179,0,16524.82,41591,0.32,0.13,3.71,0.9,1.0
197,FAM198,114012,4,19378.59,1888.18,3453.29,2462.23,3607.81,2655.81,3536.51,3536.51,3536.51,3536.51,1774.76,0.1,0.18,0.13,0.19,0.14,0.18,0.09,0.16996974002736553,1989,1759,0,27471.59,6372,0.06,0.24,1.74,1.54,1.0
198,FAM199,74587,7,31009.65,3183.5,4411.54,5155.01,4668.34,2861.65,3704.75,3704.75,3704.75,3704.75,7024.86,0.1,0.14,0.17,0.15,0.09,0.12,0.23,0.4157514044002306,834,2937,0,38452.65,28474,0.38,0.52,1.12,3.94,1.0
199,FAM200,44621,6,24887.93,2939.31,4162.61,4154.26,1624.38,2149.66,4744.98,4744.98,4744.98,4744.98,5112.73,0.12,0.17,0.17,0.07,0.09,0.19,0.21,0.5577627126241008,2470,2831,0,34484.93,44081,0.99,0.77,5.54,6.34,1.0
